{
  "Shapes": [
    {
      "assetId": 1,
      "paths": [
        {
          "image": {
            "height": 58,
            "width": 58,
            "src": "images/Bitmap 1.png",
            "name": "Bitmap 1",
            "patternUnits": "userSpaceOnUse",
            "patternTransform": {
              "a": 1,
              "b": 0,
              "c": 0,
              "d": 1,
              "tx": 51.049999,
              "ty": 299.549988
            }
          },
          "d": [
            "m",
            29.05,
            302.05,
            "l",
            29.05,
            355.05,
            "l",
            131.05,
            355.05,
            "l",
            131.05,
            302.05,
            "l",
            29.05,
            302.05,
            "c"
          ],
          "stroke": false
        },
        {
          "image": {
            "height": 138,
            "width": 152,
            "src": "images/Bitmap 11.png",
            "name": "Bitmap 11",
            "patternUnits": "userSpaceOnUse",
            "patternTransform": {
              "a": 1,
              "b": 0,
              "c": 0,
              "d": 1,
              "tx": 112,
              "ty": 35.049999
            }
          },
          "d": [
            "m",
            274,
            151.05,
            "l",
            274,
            57.05,
            "l",
            102.05,
            57.05,
            "l",
            102.05,
            151.05,
            "l",
            274,
            151.05,
            "c"
          ],
          "stroke": false
        },
        {
          "color": "#ff0000",
          "alpha": 1,
          "d": [
            "m",
            29.05,
            302.05,
            "l",
            131.05,
            302.05,
            "l",
            131.05,
            355.05,
            "l",
            29.05,
            355.05,
            "l",
            29.05,
            302.05
          ],
          "thickness": 20.55,
          "linecap": "round",
          "linejoin": "round",
          "stroke": true
        },
        {
          "color": "#000000",
          "alpha": 1,
          "d": [
            "m",
            102.05,
            57.05,
            "l",
            274,
            57.05,
            "l",
            274,
            151.05,
            "l",
            102.05,
            151.05,
            "l",
            102.05,
            57.05
          ],
          "thickness": 56.1,
          "linecap": "round",
          "linejoin": "round",
          "stroke": true
        }
      ]
    }
  ],
  "Bitmaps": [],
  "Sounds": [],
  "Texts": [],
  "Timelines": [
    {
      "type": "stage",
      "name": "a",
      "totalFrames": 1,
      "frames": [
        {
          "frame": 0,
          "commands": [
            {
              "type": "Place",
              "assetId": 1,
              "instanceId": 1,
              "placeAfter": 0,
              "transform": {
                "a": 1,
                "b": 0,
                "c": 0,
                "d": 1,
                "tx": 0,
                "ty": 0
              }
            }
          ]
        }
      ]
    }
  ],
  "_meta": {
    "outputFile": "a.js",
    "stageName": "a",
    "compressJS": false,
    "commonJS": false,
    "compactShapes": false,
    "nameSpace": "lib",
    "loopTimeline": true,
    "framerate": 24,
    "background": "ffffff",
    "width": 550,
    "height": 400,
    "libsPath": "libs/",
    "imagesPath": "images/",
    "spritesheets": false,
    "spritesheetSize": 1024,
    "spritesheetScale": 1,
    "htmlPath": "无标题-1.html",
    "soundsPath": "sounds/",
    "version": "1.3.4"
  }
}